"id_department","department","short_name","alias","id_type_grid","id_type","pid_department","section"
"4013","ЛАБОРАТОРИЯ ПРАКТИЧЕСКОЙ ПСИХОЛОГИИ И ПЕДАГОГИКИ ПРОФЕССИОНАЛЬНОГО СТАНОВЛЕНИЯ",,,"1","127","4010","-1"
"4012","ЛАБОРАТОРИЯ СОЦИАЛЬНО-ПСИХОЛОГИЧЕСКИХ ИССЛЕДОВАНИЙ ПРОБЛЕМЫ ЗДОРОВЬЯ И ПРОЕКТИРОВАНИЯ",,,"1","127","4010","-1"
"4011","СЕКТОР ПРОФОРИЕНТАЦИИ И СОЦИАЛЬНОЙ АДАПТАЦИИ",,,"1","82","4010","-1"
"4010","УПРАВЛЕНИЕ СОЦИАЛЬНОЙ РАБОТЫ",,,"1","126","0","-1"
"4009","ОТДЕЛ БИОЛОГИИ И ЭКОЛОГИИ РАСТЕНИЙ",,,"1","71","4003","-1"
"4008","ОТДЕЛ ГЕНЕТИКИ И РЕПРОДУКТИВНОЙ БИОЛОГИИ",,,"1","71","4003","-1"
"4101","ОБЩЕЖИТИЕ №2-3",,,"1","129","4097","-1"
"4099","ОБЩЕЖИТИЕ №5",,,"1","129","4097","-1"
"4100","ОБЩЕЖИТИЕ №4",,,"1","129","4097","-1"
"4098","ОБЩЕЖИТИЕ №6",,,"1","129","4097","-1"
"4097","ОБЩЕЖИТИЯ",,,"1","70","0","-1"
"4007","ОТДЕЛ ДЕНДРОЛОГИИ",,,"1","71","4003","-1"
"4006","ОТДЕЛ ИНТРОДУКЦИИ ЦВЕТОЧНО-ДЕКОРАТИВНЫХ КУЛЬТУР",,,"1","71","4003","-1"
"4005","ОТДЕЛ ФЛОРЫ И РАСТИТЕЛЬНОСТИ",,,"1","71","4003","-1"
"4004","ХОЗЯЙСТВЕННЫЙ ОТДЕЛ",,,"1","71","4003","-1"
"4003","УЧЕБНО-НАУЧНЫЙ ЦЕНТР БОТАНИЧЕСКИЙ САД",,,"1","124","0","-1"
"3997","СЕКТОР ОРГАНИЗАЦИИ ПРАКТИК, ОЛИМПИАД И ПОВЫШЕНИЯ КВАЛИФИКАЦИИ",,,"1","82","3994","-1"
"3996","СЕКТОР ОРГАНИЗАЦИИ УЧЕБНОГО ПРОЦЕССА",,,"1","82","3994","-1"
"3995","УЧЕБНЫЙ СЕКТОР",,,"1","82","3994","-1"
"3994","УЧЕБНОЕ УПРАВЛЕНИЕ",,,"1","126","0","-1"
"3991","ПРОФИЛАКТОРИЙ",,,"1","124","3977","-1"
"3990","УЧЕБНО-ЛАБОРАТОРНЫЙ КОРПУС",,,"1","128","3977","-1"
"3989","УЧЕБНЫЙ КОРПУС № 12",,,"1","128","3977","-1"
"3988","УЧЕБНЫЙ КОРПУС №010",,,"1","128","3977","-1"
"3987","УЧЕБНЫЙ КОРПУС №1",,,"1","128","3977","-1"
"3986","УЧЕБНЫЙ КОРПУС №1 ПИ",,,"1","128","3977","-1"
"3985","УЧЕБНЫЙ КОРПУС №11",,,"1","128","3977","-1"
"3984","УЧЕБНЫЙ КОРПУС №3",,,"1","128","3977","-1"
"3983","УЧЕБНЫЙ КОРПУС №4",,,"1","128","3977","-1"
"3982","УЧЕБНЫЙ КОРПУС №5",,,"1","128","3977","-1"
"3981","УЧЕБНЫЙ КОРПУС №6",,,"1","128","3977","-1"
"3980","УЧЕБНЫЙ КОРПУС №7",,,"1","128","3977","-1"
"3979","УЧЕБНЫЙ КОРПУС №8",,,"1","128","3977","-1"
"3978","УЧЕБНЫЙ КОРПУС №9",,,"1","128","3977","-1"
"3977","УЧЕБНЫЕ КОРПУСА",,,"1","70","0","-1"
"3976","БАЗОВАЯ КАФЕДРА "" ТЕХНОЛОГИЯ ПРОГРАММИРОВАНИЯ""",,,"1","122","3964","-1"
"3975","ДЕКАНАТ КНИИТ",,,"1","81","3964","-1"
"3974","КАФЕДРА ИНФОРМАТИКИ И ПРОГРАММИРОВАНИЯ",,,"1","122","3964","-1"
"3973","УЧЕБНАЯ ЛАБОРАТОРИЯ СИСТЕМНОГО ПРОГРАММИРОВАНИЯ",,,"1","123","3972","-1"
"3972","КАФЕДРА МАТЕМАТИЧЕСКОЙ КИБЕРНЕТИКИ И КОМПЬЮТЕРНЫХ НАУК",,,"1","122","3964","-1"
"3971","КАФЕДРА СИСТЕМНОГО АНАЛИЗА И АВТОМАТИЧЕСКОГО УПРАВЛЕНИЯ",,,"1","122","3964","-1"
"3905","ДЕКАНАТ ФИЗФАК",,,"1","81","3879","-1"
"3904","УЧЕБНАЯ ЛАБОРАТОРИЯ  ""АВТОМАТИЗАЦИЯ НАУЧНЫХ ИССЛЕДОВАНИЙ""",,,"1","123","3903","-1"
"3903","КАФЕДРА ВЫЧИСЛИТЕЛЬНОЙ ФИЗИКИ И АВТОМАТИЗАЦИИ НАУЧНЫХ ИССЛЕДОВАНИЙ",,,"1","122","3879","-1"
"3902","КАФЕДРА ЛАЗЕРНОЙ И КОМПЬЮТЕРНОЙ ФИЗИКИ",,,"1","122","3879","-1"
"3900","УЧЕБНАЯ ЛАБОРАТОРИЯ КАФЕДРЫ ОБЩЕЙ ФИЗИКИ",,,"1","123","3898","-1"
"3899","УЧЕБНО-НАУЧНАЯ ЛАБОРАТОРИЯ ""ТЕЛЕКОММУНИК",,,"1","45","3898","-1"
"3898","КАФЕДРА ОБЩЕЙ ФИЗИКИ",,,"1","122","3879","-1"
"3897","УЧЕБНАЯ ЛАБОРАТОРИЯ  АТОМНОЙ ФИЗИКИ, КВА",,,"1","123","3894","-1"
"3896","УЧЕБНАЯ ЛАБОРАТОРИЯ БИОФИЗИКИ",,,"1","123","3894","-1"
"3895","УЧЕБНАЯ СПЕЦИАЛИЗИРОВАННАЯ ЛАБОРАТОРИЯ ПО ОПТИКЕ",,,"1","123","3894","-1"
"3894","КАФЕДРА ОПТИКИ И БИОФОТОНИКИ",,,"1","122","3879","-1"
"3893","КАФЕДРА ПРИКЛАДНОЙ ОПТИКИ И СПЕКТРОСКОПИИ",,,"1","122","3879","-1"
"3892","УЧЕБНО-ИССЛЕДОВАТЕЛЬСКАЯ ЛАБОРАТОРИЯ ""ПРИКЛАДНАЯ ФИЗИКА""",,,"1","45","3891","-1"
"3891","КАФЕДРА ПРИКЛАДНОЙ ФИЗИКИ",,,"1","122","3879","-1"
"3890","УЧЕБНАЯ ЛАБОРАТОРИЯ ЭЛЕКТРОРАДИОТЕХНИКИ",,,"1","123","3889","-1"
"3889","КАФЕДРА РАДИОТЕХНИКИ И ЭЛЕКТРОДИНАМИКИ",,,"1","122","3879","-1"
"3888","УЧЕБНАЯ ЛАБОРАТОРИЯ РАДИОФИЗИКИ",,,"1","123","3887","-1"
"3887","КАФЕДРА РАДИОФИЗИКИ И НЕЛИНЕЙНОЙ ДИНАМИКИ",,,"1","122","3879","-1"
"3886","КАФЕДРА ТЕОРЕТИЧЕСКОЙ И МАТЕМАТИЧЕСКОЙ ФИЗИКИ",,,"1","122","3879","-1"
"3885","УЧЕБНАЯ ЛАБОРАТОРИЯ ФИЗИКИ АТОМНОГО ЯДРА",,,"1","123","3884","-1"
"3884","КАФЕДРА ТЕОРЕТИЧЕСКОЙ И ЯДЕРНОЙ ФИЗИКИ",,,"1","122","3879","-1"
"3883","КАФЕДРА ФИЗИКИ И МЕТОДИКО-ИНФОРМАЦИОННЫХ ТЕХНОЛОГИЙ",,,"1","122","3879","-1"
"3882","КАФЕДРА ФИЗИКИ КАТАСТРОФ И ЧРЕЗВЫЧАЙНЫХ СИТУАЦИЙ",,,"1","122","3879","-1"
"3881","УВК (ДЛЯ ОБСЛУЖИВАНИЯ КАМАК-МЕРА)",,,"1","124","3879","-1"
"3880","УЧЕБНО-МЕТОДИЧЕСКИЙ ЦЕНТР НЕПРЕРЫВНОЙ ПОДГОТОВКИ",,,"1","44","3879","-1"
"3879","Институт физики","Институт физики","ff","1","121","0","0"
"3868","БАЗОВАЯ КАФЕДРА ХИМИЧЕСКАЯ ТЕХНОЛОГИЯ НЕФТИ И ГАЗА",,,"1","122","3852","-1"
"3867","ДЕКАНАТ ХИМ.ФАКУЛЬТЕТ",,,"1","81","3852","-1"
"3866","УЧЕБНАЯ ЛАБОРАТОРИЯ АНАЛИТИЧЕСКОЙ ХИМИИ",,,"1","123","3865","-1"
"3865","КАФЕДРА АНАЛИТИЧЕСКОЙ ХИМИИ И ХИМИЧЕСКОЙ ЭКОЛОГИИ",,,"1","122","3852","-1"
"3864","УЧЕБНАЯ ЛАБОРАТОРИЯ ""ЭКСПЕРЕМЕНТАЛЬНЫЕ МЕТОДЫ""",,,"1","123","3863","-1"
"3863","КАФЕДРА ОБЩЕЙ И НЕОРГАНИЧЕСКОЙ ХИМИИ",,,"1","122","3852","-1"
"3862","УЧЕБНАЯ ЛАБОРАТОРИЯ ОРГАНИЧЕСКОЙ ХИМИИ",,,"1","123","3861","-1"
"3861","КАФЕДРА ОРГАНИЧЕСКОЙ И БИООРГАНИЧЕСКОЙ ХИМИИ",,,"1","122","3852","-1"
"3860","КАФЕДРА ПОЛИМЕРОВ",,,"1","122","3852","-1"
"3859","УЧЕБНАЯ ЛАБОРАТОРИЯ ТЕХНИЧЕСКОЙ ХИМИИ",,,"1","123","3857","-1"
"3858","УЧЕБНО-НАУЧНО-ПРОИЗВОДСТВЕННАЯ ЛАБОРАТОРИЯ ""МАТЕМАТИЗАЦИИ""",,,"1","45","3857","-1"
"3857","КАФЕДРА ТЕХНИЧЕСКОЙ ХИМИИ И КАТАЛИЗА",,,"1","122","3852","-1"
"3856","УЧЕБНАЯ ЛАБОРАТОРИЯ ФИЗИЧЕСКОЙ ХИМИИ",,,"1","123","3855","-1"
"3855","КАФЕДРА ФИЗИЧЕСКОЙ ХИМИИ",,,"1","122","3852","-1"
"3854","КАФЕДРА ХИМИИ И МЕТОДИКИ ОБУЧЕНИЯ",,,"1","122","3852","-1"
"3853","НОЦ"" БИОКАТАЛИЗ""",,,"1","130","3852","-1"
"3846","ПОДГОТОВИТЕЛЬНОЕ ОТДЕЛЕНИЕ",,,"1","124","3839","-1"
"3845","ПОДГОТОВИТЕЛЬНЫЕ КУРСЫ",,,"1","124","3839","-1"
"3844","ПРЕДСТАВИТЕЛЬСТВО СГУ В Г. КАМЫШИНЕ ВОЛГОГРАДСКОЙ ОБЛАСТИ",,,"1","124","3839","-1"
"3843","СЕКТОР ДОВУЗОВСКОГО ОБРАЗОВАНИЯ",,,"1","82","3840","-1"
"3842","СЕКТОР ПО РАБОТЕ С ПРЕДСТАВИТЕЛЬСТВАМИ",,,"1","82","3840","-1"
"3841","УЧЕБНО-МЕТОДИЧЕСКИЙ СЕКТОР",,,"1","82","3840","-1"
"3840","УПРАВЛЕНИЕ ДИСТАНЦИОННОГО ОБРАЗОВАНИЯ",,,"1","126","3839","-1"
"3839","ЦЕНТР ОТКРЫТОГО ОБРАЗОВАНИЯ",,,"1","125","0","-1"
"3838","ЦЕНТР РАЗВИТИЯ ПРЕДПРИНИМАТЕЛЬСТВА",,,"1","124","0","-1"
"3837","ДЕКАНАТ ЭКОНОМИЧЕСКОГО ФАКУЛЬТЕТА",,,"1","81","3831","-1"
"3836","КАФЕДРА МЕНЕДЖМЕНТА И МАРКЕТИНГА",,,"1","122","3831","-1"
"3835","КАФЕДРА ФИНАНСЫ И КРЕДИТ",,,"1","122","3831","-1"
"3834","КАФЕДРА ЭКОНОМИЧЕСКОЙ ТЕОРИИ И НАЦИОНАЛЬНОЙ ЭКОНОМИКИ",,,"1","122","3831","-1"
"3833","УЧЕБНАЯ ЛАБОРАТОРИЯ ""ИНФОРМАЦИОННЫЕ ТЕХНОЛОГИИ  В ЭКОНОМИКЕ""",,,"1","123","3831","-1"
"3832","УЧЕБНО - МЕТОДИЧЕСКАЯ ЛАБОРАТОРИЯ "" СОВРЕМЕННЫЕ МЕТОДЫ ОБУЧЕНИЯ """,,,"1","123","3831","-1"
"3831","Экономический факультет","Экономический фак-т","ef","1","121","0","0"
"3830","ДЕКАНАТ  ЮРИДИЧЕСКОГО ФАКУЛЬТЕТА",,,"1","81","3822","-1"
"3829","КАФЕДРА ГРАЖДАНСКОГО ПРАВА И ПРОЦЕССА",,,"1","122","3822","-1"
"3828","КАФЕДРА ИСТОРИИ ГОСУДАРСТВА И ПРАВА",,,"1","122","3822","-1"
"3827","КАФЕДРА КОНСТИТУЦИОННОГО И МУНИЦИПАЛЬНОГО ПРАВА",,,"1","122","3822","-1"
"3826","КАФЕДРА ПОЛИТИЧЕСКИХ НАУК",,,"1","122","3822","-1"
"3825","КАФЕДРА ТЕОРИИ  ГОСУДАРСТВА И ПРАВА",,,"1","122","3822","-1"
"3824","КАФЕДРА УГОЛОВНОГО ПРОЦЕССА, КРИМИНАЛИСТИКИ И СУДЕБНЫХ ЭКСПЕРТИЗ",,,"1","122","3822","-1"
"3823","КАФЕДРА УГОЛОВНОГО, УГОЛОВНО-ИСПОЛНИТЕЛЬНОГО ПРАВА И КРИМИНОЛОГИИ",,,"1","122","3822","-1"
"3822","Юридический факультет","Юрфак","uf","1","121","0","0"
"4515","СЕКТОР СМИ",,,"1","82","4514","-1"
"4514","ОТДЕЛ ИНФОРМАЦИОННО-АНАЛИТИЧЕСКОГО ОБЕСПЕЧЕНИЯ",,,"1","71","4513","-1"
"4405","АВТОТРАНСПОРТНОЕ ХОЗЯЙСТВО",,,"1","70","0","-1"
"4404","ГРУППА РЕМОНТНО-МЕХАНИЧЕСКИХ РАБОТ",,,"1","71","4403","-1"
"4403","АХЧ",,,"1","70","0","-1"
"4402","БАЗА УЧЕБНО-ПРОИЗВОДСТВЕННЫХ ПРАКТИК "" ХВАЛЫНСКАЯ """,,,"1","125","0","-1"
"3970","УЧ.ЛАБОРАТОРИЯ ТЕОРЕТИЧЕСКИХ ПРОБЛЕМ ИНФОРМАТИКИ И ЕЕ ПРИЛОЖЕНИЙ",,,"1","123","3969","-1"
"3969","КАФЕДРА ТЕОРЕТИЧЕСКИХ ОСНОВ ИНФОРМАТИКИ И ИНФОРМАЦИОННЫХ ТЕХНОЛОГИЙ",,,"1","122","3964","-1"
"3968","УЧ.ЛАБОРАТОРИЯ КОМПЬЮТЕРНОЙ БЕЗОПАСНОСТИ",,,"1","123","3967","-1"
"3967","КАФЕДРА ТЕОРЕТИЧЕСКИХ ОСНОВ КОМПЬЮТЕРНОЙ БЕЗОПАСНОСТИ И КРИПТОГРАФИИ",,,"1","122","3964","-1"
"3966","ЦЕНТР ОЛИМПИАДНОЙ ПОДГОТОВКИ ПРОГРАММИСТОВ",,,"1","44","3964","-1"
"3965","ЦЕНТР ПЕРЕПОДГОТОВКИ  И ПОВЫШЕНИЯ КВАЛИФИКАЦИИ СПЕЦИАЛИСТОВ ПО ИНФ. БЕЗОПАСНОСТИ",,,"1","44","3964","-1"
"3964","Факультет компьютерных наук и информационных технологий","КНиИТ","knt","1","121","0","0"
"3961","БАЗОВАЯ КАФЕДРА ДИНАМИЧЕСКОГО МОДЕЛИРОВАНИЯ И БИОМЕДИЦИНСКОЙ ИНЖЕНЕРИИ В САРАТОВСКОМ",,,"1","122","3952","-1"
"3960","ДЕКАНАТ ФНИБМТ",,,"1","81","3952","-1"
"3959","КАФЕДРА МАТЕРИАЛОВЕДЕНИЯ, ТЕХНОЛОГИИ И УПРАВЛЕНИЯ КАЧЕСТВОМ",,,"1","122","3952","-1"
"3958","КАФЕДРА МЕДИЦИНСКОЙ ФИЗИКИ",,,"1","122","3952","-1"
"3957","КАФЕДРА ФИЗИКИ ПОЛУПРОВОДНИКОВ",,,"1","122","3952","-1"
"3956","КАФЕДРА ФИЗИКИ ТВЕРДОГО ТЕЛА",,,"1","122","3952","-1"
"3955","УЧ.ЛАБОРАТОРИЯ ПО ПОЛУПРОВОДНИКОВОЙ ТЕХНИКЕ",,,"1","123","3952","-1"
"3954","УЧЕБНАЯ ЛАБОРАТОРИЯ ПОЛУПРОВОДНИКОВОЙ ЭЛЕКТРОНИКИ",,,"1","123","3952","-1"
"3953","УЧЕБНО-НАУЧНАЯ ЛАБОРАТОРИЯ АНАЛИЗА МАТЕРИАЛОВ",,,"1","45","3952","-1"
"3952","Факультет нано- и биомедицинских технологий","ФНБМТ","fn","1","121","0","-2"
"3944","БАЗОВАЯ КАФЕДРА БИОФИЗИКИ",,,"1","122","3935","-1"
"3943","БАЗОВАЯ КАФЕДРА ДИНАМИЧЕСКИХ СИСТЕМ",,,"1","121","3935","-1"
"3942","БАЗОВАЯ КАФЕДРА ОСНОВЫ ПРОЕКТИРОВАНИЯ ПРИБОРОВ СВЧ",,,"1","122","3935","-1"
"3941","УЧЕБНАЯ ЛАБОРАТОРИЯ НЕЛИНЕЙНОЙ ДИНАМИКИ",,,"1","123","3940","-1"
"3940","КАФЕДРА НЕЛИНЕЙНОЙ ФИЗИКИ",,,"1","122","3935","-1"
"3939","ЛАБОРАТОРИЯ РАДИОЭЛЕКТРОНИКИ",,,"1","127","3937","-1"
"3938","УЧЕБНАЯ ЛАБОРАТОРИЯ ЭЛЕКТРОНИКИ",,,"1","123","3937","-1"
"3937","КАФЕДРА ЭЛЕКТРОНИКИ, КОЛЕБАНИЙ И ВОЛН",,,"1","122","3935","-1"
"3936","УЧЕБНО-НАУЧНЫЙ ЦЕНТР ПЕРСПЕКТИВНЫХ ИССЛЕДОВАНИЙ",,,"1","124","3935","-1"
"3935","Факультет нелинейных процессов","ФНП","fnp","1","121","0","-2"
"3928","ДЕКАНАТ ФИЛОСОФСКИЙ",,,"1","81","3920","-1"
"3927","КАФЕДРА ПЕДАГОГИКИ",,,"1","122","3920","-1"
"3926","КАФЕДРА ПСИХОЛОГИИ",,,"1","122","3920","-1"
"3925","КАФЕДРА РЕЛИГИОВЕДЕНИЯ И ФИЛОСОФСКОЙ  АНТРОПОЛОГИИ",,,"1","122","3920","-1"
"3924","КАФЕДРА ТЕОРЕТИЧЕСКОЙ И СОЦИАЛЬНОЙ ФИЛОСОФИИ",,,"1","122","3920","-1"
"3923","КАФЕДРА ФИЛОСОФИИ И МЕТОДОЛОГИИ НАУКИ",,,"1","122","3920","-1"
"3922","КАФЕДРА ФИЛОСОФИИ КУЛЬТУРЫ И КУЛЬТУРОЛОГИИ",,,"1","122","3920","-1"
"3920","Философский факультет","Фак-т философии","fp","1","121","0","0"
"3921","ЛАБОРАТОРИЯ ЮРИДИЧЕСКОЙ ПСИХОЛОГИИ",,,"1","127","3920","-1"
"4381","ДЕКАНАТ БИОЛОГ.ФАКУЛЬТЕТА",,,"1","81","4370","-1"
"4380","ЗООЛОГИЧЕСКИЙ МУЗЕЙ",,,"1","124","4370","-1"
"4379","УЧЕБНО-НАУЧНАЯ ЛАБОРАТОРИЯ МОЛЕКУЛЯРНОЙ БИОЛОГИИ",,,"1","45","4378","-1"
"4378","КАФЕДРА БИОХИМИИ, БИОФИЗИКИ",,,"1","122","4370","-1"
"4377","КАФЕДРА БОТАНИКИ И ЭКОЛОГИИ",,,"1","122","4370","-1"
"4376","КАФЕДРА ГЕНЕТИКИ",,,"1","122","4370","-1"
"4375","КАФЕДРА МЕТОДИКИ ПРЕПОДАВАНИЯ БИОЛОГИИ И ЭКОЛОГИИ",,,"1","122","4370","-1"
"4374","КАФЕДРА МИКРОБИОЛОГИИ И ФИЗИОЛОГИИ РАСТЕНИЙ",,,"1","122","4370","-1"
"4373","КАФЕДРА МОРФОЛОГИИ И ЭКОЛОГИИ ЖИВОТНЫХ",,,"1","122","4370","-1"
"4372","КАФЕДРА ОХРАНЫ ОКРУЖАЮЩЕЙ СРЕДЫ И БЕЗОПАСНОСТИ ЖИЗНЕДЕЯТЕЛЬНОСТИ",,,"1","122","4370","-1"
"4371","КАФЕДРА ФИЗИОЛОГИИ ЧЕЛОВЕКА И ЖИВОТНЫХ",,,"1","122","4370","-1"
"4369","БУХГАЛТЕРИЯ",,,"1","70","0","-1"
"4370","Биологический факультет","Биологический фак-т","bf","1","121","0","0"
"4368","ВОДНЫЙ СТАДИОН",,,"1","70","0","-1"
"4367","ОТДЕЛ ИННОВАЦИОННЫХ ПРОЕКТОВ И ПРИКЛАДНЫХ РАЗРАБОТОК",,,"1","71","4364","-1"
"4366","ОТДЕЛ РАЗРАБОТОК И ВНЕДРЕНИЯ ИСУ",,,"1","71","4364","-1"
"4365","ОТДЕЛ ЭКСПЛУАТАЦИИ И СОПРОВОЖДЕНИЯ ПРОГРАММНЫХ ПРОДУКТОВ ИСУ",,,"1","71","4364","-1"
"4364","ВЫЧИСЛИТЕЛЬНЫЙ ЦЕНТР СГУ",,,"1","70","0","-1"
"4358","УЧЕБНО-НАУЧНАЯ ЛАБОРАТОРИЯ ГЕОИНФОРМАТИКИ И ТЕМАТИЧ. КАРТОГРАФИРОВАНИЯ",,,"1","45","4357","-1"
"4357","КАФЕДРА ГЕОМОРФОЛОГИИ И ГЕОЭКОЛОГИИ",,,"1","122","4349","-1"
"4349","Географический факультет","Географический фак-т","gf","1","121","0","0"
"4342","ЛАБОРАТОРИЯ ВЫЧИСЛИТЕЛЬНОЙ ТЕХНИКИ",,,"1","127","4341","-1"
"4341","КАФЕДРА ГЕОФИЗИКИ",,,"1","122","4329","-1"
"4329","Геологический факультет","Геологический фак-т","gl","1","121","0","0"
"4328","ДИРЕКЦИЯ ИННОВАЦИОННОЙ ОБРАЗОВАТЕЛЬНОЙ ПРОГРАММЫ",,,"1","65","0","-1"
"4312","ДИРЕКЦИЯ ИНСТИТУТА  ИСТОРИИ И МЕЖДУНАРОДНЫХ ОТНОШЕНИЙ",,,"1","124","4301","-1"
"4311","КАФЕДРА АРХЕОЛОГИИ И ЭТНОГРАФИИ",,,"1","122","4301","-1"
"4310","КАФЕДРА ИСТОРИИ ДРЕВНЕГО МИРА",,,"1","122","4301","-1"
"4309","КАФЕДРА ИСТОРИИ НОВОГО И НОВЕЙШЕГО ВРЕМЕНИ И  МЕЖДУНАРОДНЫХ ОТНОШЕНИЙ",,,"1","122","4301","-1"
"4308","КАФЕДРА ИСТОРИИ РОССИИ",,,"1","122","4301","-1"
"4307","КАФЕДРА ИСТОРИИ РОССИЙСКОЙ ЦИВИЛИЗАЦИИ",,,"1","122","4301","-1"
"4306","КАФЕДРА ИСТОРИИ СРЕДНИХ ВЕКОВ",,,"1","122","4301","-1"
"4305","КАФЕДРА ИСТОРИОГРАФИИ И  РЕГИОНАЛЬНОЙ ИСТОРИИ",,,"1","122","4301","-1"
"4304","КАФЕДРА ОТЕЧЕСТВЕННОЙ ИСТОРИИ В НОВЕЙШЕЕ ВРЕМЯ",,,"1","122","4301","-1"
"4303","КАФЕДРА ТУРИЗМА И КУЛЬТУРНОГО НАСЛЕДИЯ",,,"1","122","4301","-1"
"4302","ЛАБОРАТОРИЯ ИННОВАЦИОННЫХ ОБРАЗОВАТЕЛЬНЫХ РЕСУРСОВ",,,"1","127","4301","-1"
"4301","Институт истории и международных отношений","ИИиМО","imo","1","41","0","0"
"4285","ДИРЕКЦИЯ",,,"1","124","4265","-1"
"4284","ИНСТИТУТ РУССКОГО ЯЗЫКА, ЛИТЕРАТУРЫ И ЖУРНАЛИСТИКИ",,,"1","41","4265","-1"
"4283","КАФЕДРА АНГЛИЙСКОГО ЯЗЫКА И МЕЖКУЛЬТУРНОЙ КОММУНИКАЦИИ","Каф. англ.яз. и межк. коммуникации",,"1","122","4265","-1"
"4282","КАФЕДРА АНГЛИЙСКОЙ ФИЛОЛОГИИ",,,"1","122","4265","-1"
"4281","КАФЕДРА ЗАРУБЕЖНЫХ ЛИТЕРАТУР И ЖУРНАЛИСТИКИ",,,"1","122","4265","-1"
"4280","КАФЕДРА ИСТОРИИ РУССКОЙ ЛИТЕРАТУРЫ И ФОЛЬКЛОРА",,,"1","122","4265","-1"
"4279","КАФЕДРА НЕМЕЦКОГО ЯЗЫКА",,,"1","122","4265","-1"
"4278","КАФЕДРА НЕМЕЦКОЙ ФИЛОЛОГИИ",,,"1","122","4265","-1"
"4277","КАФЕДРА ОБЩЕГО ЛИТЕРАТУРОВЕДЕНИЯ И ЖУРНАЛИСТИКИ",,,"1","122","4265","-1"
"4276","КАФЕДРА РОМАНСКОЙ ФИЛОЛОГИИ",,,"1","122","4265","-1"
"4275","КАФЕДРА РУССКОГО ЯЗЫКА И РЕЧЕВОЙ КОММУНИКАЦИИ",,,"1","122","4265","-1"
"4274","КАФЕДРА РУССКОЙ ЛИТЕРАТУРЫ ХХ ВЕКА",,,"1","122","4265","-1"
"4273","УЧЕБНО-НАУЧНАЯ ЛАБОРАТОРИЯ ПРИКЛАДНОЙ ЛИ",,,"1","45","4271","-1"
"4272","ЦЕНТР ИЗУЧЕНИЯ НАРОДНО-РЕЧЕВОЙ КУЛЬТУРЫ",,,"1","44","4271","-1"
"4271","КАФЕДРА ТЕОРИИ, ИСТОРИИ ЯЗЫКА И ПРИКЛАДНОЙ ЛИНГВИСТИКИ",,,"1","122","4265","-1"
"4270","КАФЕДРА ФРАНЦУЗСКОГО И ИСПАНСКОГО ЯЗЫКОВ",,,"1","122","4265","-1"
"4269","ЛАБ.ЭЛЕКТРОННЫХ СРЕДСТВ МАССОВОЙ ИНФОРМАЦИИ",,,"1","127","4265","-1"
"4268","ЛАБОРАТОРИЯ ЭКСПЕРИМЕНТАЛЬНОЙ ЛИНГВИСТИКИ",,,"1","127","4265","-1"
"4267","МЕЖРЕГИОНАЛЬНЫЙ УЧЕБНЫЙ ЦЕНТР ТЕЛЕВИДЕНИЯ И РАДИО СГУ",,,"1","44","4265","-1"
"4265","Институт филологии и журналистики","ИФиЖ","ifg","1","41","0","0"
"4255","НАУЧНО-ТЕХНИЧЕСКИЙ ОТДЕЛ",,,"1","71","4253","-1"
"4254","ОТДЕЛ ОБЕСПЕЧЕНИЯ ИННОВАЦИОННОЙ ДЕЯТЕЛЬНОСТИ",,,"1","71","4253","-1"
"4253","ИЦ ""ТЕХНОПАРК""",,,"1","124","0","-1"
"4252","УЧЕБНАЯ ЛАБОРАТОРИЯ ФИЗИЧЕСКОГО ВОСПИТАНИЯ И СПОРТА",,,"1","123","4251","-1"
"4251","КАФЕДРА ФИЗИЧЕСКОГО ВОСПИТАНИЯ И СПОРТА",,,"1","125","0","-1"
"4250","ЛЫЖНАЯ БАЗА",,,"1","70","0","-1"
"4228","ДЕКАНАТ МЕХ-МАТ",,,"1","81","4204","-1"
"4227","УЧЕБНАЯ ЛАБОРАТОРИЯ ВЫЧИСЛИТЕЛЬНОГО ЭКСПЕРИМЕНТА В МЕХАНИКЕ",,,"1","123","4226","-1"
"4226","КАФЕДРА ВЫЧИСЛИТЕЛЬНОГО ЭКСПЕРИМЕНТА В МЕХАНИКЕ",,,"1","122","4204","-1"
"4225","КАФЕДРА ГЕОМЕТРИИ",,,"1","122","4204","-1"
"4224","УЧЕБНАЯ ЛАБОРАТОРИЯ ДИФФЕРЕНЦИАЛЬНЫХ УРАВНЕНИЙ И МЕТОДОВ ОПТИМИЗАЦИИ",,,"1","123","4223","-1"
"4223","КАФЕДРА ДИФФЕРЕНЦИАЛЬНЫХ УРАВНЕНИЙ И ПРИКЛАДНОЙ МАТЕМАТИКИ",,,"1","122","4204","-1"
"4222","КАФЕДРА КОМПЬЮТЕРНОЙ АЛГЕБРЫ И ТЕОРИИ ЧИСЕЛ",,,"1","122","4204","-1"
"4221","КАФЕДРА МАТЕМАТИКИ И МЕТОДИКИ ЕЕ ПРЕПОДАВАНИЯ",,,"1","122","4204","-1"
"4220","УЧЕБНАЯ ЛАБОРАТОРИЯ ""МЕТОДИКИ ПРЕПОДАВАНИЯ МАТЕМАТИКИ И ИНФОРМАТИКИ",,,"1","123","4219","-1"
"4219","КАФЕДРА МАТЕМАТИЧЕСКОГО АНАЛИЗА",,,"1","122","4204","-1"
"4218","УЧЕБНАЯ ЛАБОРАТОРИЯ ""МАТЕМАТИЧЕСКОГО МОДЕЛИРОВАНИЯ В БИОМЕХАНИКЕ""",,,"1","123","4217","-1"
"4217","КАФЕДРА МАТЕМАТИЧЕСКОЙ ТЕОРИИ УПРУГОСТИ И БИОМЕХАНИКИ",,,"1","122","4204","-1"
"4216","УЧЕБНАЯ ЛАБОРАТОРИЯ ""ВЫЧИСЛИТЕЛЬНЫЕ МЕТОДЫ""",,,"1","123","4215","-1"
"4014","УПРАВЛЕНИЕ РАДИАЦИОННОЙ БЕЗОПАСНОСТИ",,,"1","126","0","-1"
"4015","СЛУЖБА РАДИАЦИОННОЙ БЕЗОПАСНОСТИ",,,"1","124","4014","-1"
"4016","МЕЖВУЗОВСКАЯ ЛАБОРАТОРИЯ РАДИАЦИОННОГО КОНТРОЛЯ ""МУНП ЛРК-1 САРАТОВ""",,,"1","124","4014","-1"
"4017","УПРАВЛЕНИЕ ПОСЛЕВУЗОВСКОГО ПРОФЕССИОНАЛЬНОГО ОБРАЗОВАНИЯ",,,"1","126","0","-1"
"4018","УПРАВЛЕНИЕ ПО ДЕЛАМ ПО ГОИЧС",,,"1","126","0","-1"
"4019","УПРАВЛЕНИЕ ОРГАНИЗАЦИИ ВОСПИТАТЕЛЬНОЙ РАБОТЫ СО СТУДЕНТАМИ",,,"1","126","0","-1"
"4020","СЕКТОР ПРОФЕССИОНАЛЬНО-ТРУДОВОГО ВОСПИТАНИЯ",,,"1","82","4019","-1"
"4021","УПРАВЛЕНИЕ ОБЕСПЕЧЕНИЯ КАЧЕСТВА",,,"1","126","0","-1"
"4022","СЕКТОР УПРАВЛЕНИЯ КАЧЕСТВОМ ОБРАЗОВАНИЯ",,,"1","82","4021","-1"
"4023","СЕКТОР СТАНДАРТИЗАЦИИ",,,"1","82","4021","-1"
"4024","УПРАВЛЕНИЕ МОБИЛИЗАЦИОННОЙ ПОДГОТОВКИ",,,"1","126","0","-1"
"4025","УПРАВЛЕНИЕ ОРГАНИЗАЦИИ ЗАКУПОК И МАТЕРИАЛЬНО-ТЕХНИЧЕСКОГО СНАБЖЕНИЯ",,,"1","126","0","-1"
"4026","СКЛАД",,,"1","124","4025","-1"
"4027","ОТДЕЛ МАТЕРИАЛЬНО-ТЕХНИЧЕСКОГО СНАБЖЕНИЯ",,,"1","71","4025","-1"
"4028","УПРАВЛЕНИЕ КАДРОВ",,,"1","126","0","-1"
"4029","СЕКТОР УЧЕТА УЧЕБНОГО И НАУЧНОГО ПЕРСОНАЛА",,,"1","82","4028","-1"
"4030","СЕКТОР УЧЕТА СТУДЕНТОВ",,,"1","82","4028","-1"
"4031","СЕКТОР УЧЕТА АДМИНИСТРАТИВНО-УПРАВЛЕНЧ., ВСПОМОГАТЕЛЬНОГО И ОБСЛУЖИВАЮЩЕГО ПЕРСОНАЛА",,,"1","82","4028","-1"
"4035","УПРАВЛЕНИЕ БЕЗОПАСНОСТИ",,,"1","126","0","-1"
"4036","ОТДЕЛ РЕЖИМА И ОХРАНЫ",,,"1","71","4035","-1"
"4037","ОТДЕЛ ПРОТИВОПОЖАРНОЙ БЕЗОПАСНОСТИ",,,"1","71","4035","-1"
"4038","ГРУППА ТСО",,,"1","71","4035","-1"
"4042","ТИПОГРАФИЯ",,,"1","124","0","-1"
"4043","ТЕКУЩИЙ РЕМОНТ",,,"1","70","0","-1"
"4044","СТУДЕНЧЕСКИЙ С/О ЛАГЕРЬ ""ЧАРДЫМ"" И БАЗА ПРАКТИКИ",,,"1","70","0","-1"
"4045","СТУДЕНЧЕСКИЙ КЛУБ",,,"1","70","0","-1"
"4046","СПЕЦИАЛЬНЫЙ ОТДЕЛ",,,"1","71","0","-1"
"4047","Социологический факультет","Социологический фак-т","sf","1","121","0","0"
"4048","ЦЕНТР РЕГИОНАЛЬНО СОЦИОЛОГИЧЕСКИХ ИССЛЕДОВАНИЙ",,,"1","124","4047","-1"
"4049","ЦЕНТР ВОСТОКОВЕДЕНИЯ",,,"1","124","4047","-1"
"4050","КАФЕДРА ТЕОРИИ И ИСТОРИИ СОЦИОЛОГИИ",,,"1","122","4047","-1"
"4051","КАФЕДРА СОЦИОЛОГИИ МОЛОДЕЖИ",,,"1","122","4047","-1"
"4052","КАФЕДРА СОЦИОЛОГИИ КОММУНИКАЦИЙ И УПРАВЛЕНИЯ НА СОЦИОЛОГИЧЕСКОМ ФАКУЛЬТЕТЕ",,,"1","122","4047","-1"
"4053","КАФЕДРА СОЦИАЛЬНОЙ ИНФОРМАТИКИ",,,"1","122","4047","-1"
"4054","КАФЕДРА ПРИКЛАДНОЙ СОЦИОЛОГИИ",,,"1","122","4047","-1"
"4055","КАФЕДРА  СОЦИОЛОГИИ РЕГИОНОВ",,,"1","122","4047","-1"
"4056","ДЕКАНАТ СОЦИОЛ.ФАКУЛЬТЕТА",,,"1","81","4047","-1"
"4062","РЕКТОРАТ",,,"1","65","0","-1"
"4065","ПРЦ НИТ",,,"1","70","0","-1"
"4066","УЧЕБНО-ОРГАНИЗАЦИОННЫЙ ОТДЕЛ ПРЦ НИТ",,,"1","71","4065","-1"
"4067","ОТДЕЛ СЕТЕВЫХ И ТЕЛЕКОММУНИКАЦИОННЫХ СИС",,,"1","71","4065","-1"
"4068","ОТДЕЛ ИНФОРМАЦИОННЫХ РЕСУРСОВ И СИСТЕМ",,,"1","71","4065","-1"
"4069","ОТДЕЛ ИННОВАЦИОННЫХ ОБРАЗОВАТЕЛЬНЫХ ТЕХН",,,"1","71","4065","-1"
"4070","ОТДЕЛ ГЕОИНФОРМАЦИОННЫХ СИСТЕМ",,,"1","71","4065","-1"
"4071","ОТДЕЛ АППАРАТНО-ПРОГРАММНЫХ СИСТЕМ",,,"1","71","4065","-1"
"4072","ОРГАНИЗАЦИОННО-ТЕХНИЧЕСКИЙ ОТДЕЛ",,,"1","71","4065","-1"
"4080","ПРАВОВОЕ УПРАВЛЕНИЕ",,,"1","126","0","-1"
"4081","ПЛАНОВО-ФИНАНСОВОЕ УПРАВЛЕНИЕ",,,"1","126","0","-1"
"4085","ОТДЕЛ ЭКОЛОГИЧЕСКОЙ БЕЗОПАСНОСТИ И ОХРАНЫ ТРУДА",,,"1","71","0","-1"
"4086","ОТДЕЛ ПО ЗАЩИТЕ ИНФОРМАЦИИ",,,"1","71","0","-1"
"4087","ОТДЕЛ ИНФОРМАЦИОННО-АНАЛИТИЧЕСКОГО ОБЕСПЕЧЕНИЯ",,,"1","71","0","-1"
"4088","СЕКТОР СМИ",,,"1","82","4087","-1"
"4089","СЕКТОР СБОРА, АНАЛИЗА И ПОДГОТОВКИ ИНФОРМАЦИИ",,,"1","82","4087","-1"
"4090","ЛАБОРАТОРИЯ ЖУРНАЛИСТИКИ",,,"1","127","4087","-1"
"4091","ОБЩИЙ ОТДЕЛ",,,"1","71","0","-1"
"4092","ОБЩЕУНИВЕРСИТЕТСКИЕ СЛУЖБЫ",,,"1","70","0","-1"
"4093","ГРУППА ПО ОРГАНИЗАЦИИ СТРОИТЕЛЬСВА И КАПИТАЛЬНОГО РЕМОНТА ОБЪЕКТОВ СГУ",,,"1","71","4092","-1"
"4102","ОБЩЕЖИТИЕ №1",,,"1","129","4097","-1"
"4103","НИИ ЕСТЕСТВЕННЫХ НАУК",,,"1","41","0","-1"
"4104","ОТДЕЛЕНИЕ ХИМИИ",,,"1","124","4103","-1"
"4105","ЛАБОРАТОРИЯ ФИЗИЧЕСКОЙ ХИМИИ",,,"1","127","4104","-1"
"4106","ЛАБОРАТОРИЯ ТЕХНИЧЕСКОЙ ХИМИИ",,,"1","127","4104","-1"
"4107","ЛАБОРАТОРИЯ ПОЛИМЕРОВ",,,"1","127","4104","-1"
"4108","ЛАБОРАТОРИЯ ОРГАНИЧЕСКОЙ ХИМИИ",,,"1","127","4104","-1"
"4109","ЛАБОРАТОРИЯ НЕОРГАНИЧЕСКОЙ ХИМИИ",,,"1","127","4104","-1"
"4110","ЛАБОРАТОРИЯ КОМПОЗИЦИОННЫХ МАТЕРИАЛОВ",,,"1","127","4104","-1"
"4111","ЛАБОРАТОРИЯ КАТАЛИТИЧЕСКИХ ПРОЦЕССОВ В НЕФТЕХИМИИ",,,"1","127","4104","-1"
"4112","ЛАБОРАТОРИЯ АНАЛИТИЧЕСКОЙ ХИМИИ",,,"1","127","4104","-1"
"4113","ИСПЫТАТЕЛЬНАЯ ЛАБОРАТОРИЯ",,,"1","127","4104","-1"
"4114","ОТДЕЛЕНИЕ ФИЗИКИ НЕЛИНЕЙНЫХ СИСТЕМ",,,"1","124","4103","-1"
"4115","ЛАБОРАТОРИЯ №5",,,"1","127","4114","-1"
"4116","ЛАБОРАТОРИЯ №3",,,"1","127","4114","-1"
"4117","ЛАБОРАТОРИЯ №1",,,"1","127","4114","-1"
"4118","ОТДЕЛЕНИЕ МЕХАНИКИ И ФИЗИКИ",,,"1","124","4103","-1"
"4119","ЛАБОРАТОРИЯ ""ЯДЕРНОЙ ФИЗИКИ И УСКОРИТЕЛЕЙ""",,,"1","127","4118","-1"
"4120","ЛАБОРАТОРИЯ ""ЭЛЕКТРОМАГНИТНЫХ ПОЛЕЙ""",,,"1","127","4118","-1"
"4121","ЛАБОРАТОРИЯ ""ФИЗИКИ ПОЛУПРОВОДНИКОВ""",,,"1","127","4118","-1"
"4122","ЛАБОРАТОРИЯ ""РАДИОИЗМЕРЕНИЙ""",,,"1","127","4118","-1"
"4123","ЛАБОРАТОРИЯ ""ОПТИКИ И СПЕКТРОСКОПИИ""",,,"1","127","4118","-1"
"4124","ЛАБОРАТОРИЯ ""МИКРОЭЛЕКТРОНИКИ""",,,"1","127","4118","-1"
"4125","ЛАБОРАТОРИЯ ""АСТРОНОМИИ И ГЕОФИЗИКИ""",,,"1","127","4118","-1"
"4126","ГРУППА ПРИКЛАДНОЙ ФИЗИКИ",,,"1","71","4118","-1"
"4127","ОТДЕЛЕНИЕ ГЕОЛОГИИ",,,"1","124","4103","-1"
"4165","НАУЧНО-ОБРАЗОВАТЕЛЬНЫЙ ЦЕНТР СОТРУДНИЧЕСТВА СО СТРАНАМИ СНГ И БАЛТИИ",,,"1","130","0","-1"
"4166","НАУЧНО-ОБРАЗОВАТЕЛЬНЫЙ ИНСТИТУТ ОБЩЕСТВОЗНАНИЯ",,,"1","41","0","-1"
"4167","ОРГАНИЗАЦИОННО-ХОЗЯЙСТВЕННЫЙ ОТДЕЛ",,,"1","71","4166","-1"
"4168","НАУЧНО-ИССЛЕДОВАТЕЛЬСКАЯ ЧАСТЬ",,,"1","124","0","-1"
"4169","ЦЕНТР ПАТЕНТНЫХ УСЛУГ",,,"1","124","4168","-1"
"4173","БАКТЕРИОЛОГИЧЕСКАЯ ЛАБОРАТОРИЯ",,,"1","127","4168","-1"
"18924","ИНСТИТУТ АРХЕОЛОГИИ И КУЛЬТУРНОГО НАСЛЕДИЯ",,,"1","71","0","-1"
"290784","ИДПО",,,"1","41","0","-1"
"295315","ФАКУЛЬТЕТ ПРОФЕССИОНАЛЬНОЙ ПЕРЕПОДГОТОВКИ ИДПО",,,"1","124","290784","-1"
"299846","КАФЕДРА СОЦИОКУЛЬТУРНЫХ ОСНОВ ОБРАЗОВАНИЯ ФПП ИДПО",,,"1","122","295315","-1"
"304377","КАФЕДРА ПЕДАГОГИКИ И ПСИХОЛОГИИ ПРОФЕССИОНАЛЬНОГО ОБРАЗОВАНИЯ ФПП ИДПО",,,"1","122","295315","-1"
"308908","КАФЕДРА МЕНЕДЖМЕНТА В ОБРАЗОВАНИИ ФПП ИДПО",,,"1","122","295315","-1"
"317970","ФАКУЛЬТЕТ ПОВЫШЕНИЯ КВАЛИФИКАЦИИ ИДПО",,,"1","124","290784","-1"
"322501","КАФЕДРА СОЦИАЛЬНО-ГУМАНИТАРНЫЙ ДИСЦИПЛИН ФПК ИДПО",,,"1","122","317970","-1"
"327032","КАФЕДРА ЕСТЕСТВЕННО-МАТЕМАТИЧЕСКИХ ДИСЦИПЛИН ФПК  ИДПО",,,"1","122","317970","-1"
"734822","ОТДЕЛ ПО ПРОВЕДЕНИЮ ЮБИЛЕЙНЫХ МЕРОПРИЯТИЙ К 100-ЛЕТИЮ СГУ",,,"1","126","0","-1"
"3852","Институт химии","Институт химии","ih","1","41","0","0"
"4087762","НАУЧНО-ОБРАЗОВАТЕЛЬНЫЙ ЦЕНТР ПО НАПРАВЛЕНИЮ ""НАНОТЕХНОЛОГИИ""",,,"1","126","0","-1"
"3457953","ОТДЕЛ МАРКЕТИНГА",,,"1","71","4025","-1"
"3462484","ОТДЕЛ МАРКЕТИНГА",,,"1","71","0","-1"
"3639193","ОТДЕЛ ПО ТЕХНИЧЕСКОМУ УЧЕТУ ОБЪЕКТОВ НЕДВИЖИМОСТИ",,,"1","71","0","-1"
"3752468","ЛАБОРАТОРИЯ №4",,,"1","127","4114","-1"
"3824964","ОБРАЗОВАТЕЛЬНО- НАУЧНЫЙ ИНСТИТУТ РИСКОВ",,,"1","71","0","-1"
"4203","МУЗЕЙ ИСТОРИИ УНИВЕРСИТЕТА",,,"1","70","0","-1"
"4204","Механико-математический факультет","Мех-мат","mm","1","121","0","0"
"4205","УЧЕБНО-ПРОИЗВОДСТВ. ЦЕНТР ""КОМПЬЮТЕРНЫХ ТЕХНОЛОГИЙ В ПРОМЫШЛЕННОСТИ""",,,"1","44","4204","-1"
"4206","УЧЕБНАЯ ЛАБОРАТОРИЯ "" МИКРО -ЭВМ """,,,"1","123","4204","-1"
"4207","УЧЕБ-НАУЧ. ЛАБОРАТОРИЯ ""МАТЕМАТИЧ. МОДЕЛИР-ИЕ ПРАВОВЫХ ЯВЛЕНИЙ И ПРОЦЕCСОВ""",,,"1","123","4204","-1"
"4208","УЧ.НАУЧНЫЙ ЦЕНТР "" НОВЫЕ ТЕХНОЛОГИИ В ОБРАЗОВАНИИ """,,,"1","44","4204","-1"
"4209","КАФЕДРА ТЕОРИИ ФУНКЦИЙ И ПРИБЛИЖЕНИЙ",,,"1","122","4204","-1"
"4210","КАФЕДРА ТЕОРИИ ВЕРОЯТНОСТЕЙ, МАТЕМАТИЧЕСКОЙ СТАТИСТИКИ И УПРАВЛЕНИЯ СТОХАСТИЧ.ПРОЦЕС.",,,"1","122","4204","-1"
"4211","УЧЕБНО-НАУЧНАЯ ЛАБОРАТОРИЯ СТАТИСТИЧЕСКОГО АНАЛИЗА И МОДЕЛИРОВАНИЯ",,,"1","45","4210","-1"
"4212","КАФЕДРА ПРИКЛАДНАЯ ИНФОРМАТИКА",,,"1","122","4204","-1"
"4213","КАФЕДРА МАТЕМАТИЧЕСКОЙ ЭКОНОМИКИ",,,"1","122","4204","-1"
"4214","УЧЕБНАЯ ЛАБОРАТОРИЯ "" ИНФОРМАЦИОННЫЕ СИСТЕМЫ В ЭКОНОМИКЕ""",,,"1","123","4213","-1"
"4215","КАФЕДРА МАТЕМАТИЧЕСКОЙ ФИЗИКИ И ВЫЧИСЛИТЕЛЬНОЙ МАТЕМАТИКИ",,,"1","122","4204","-1"
"1550402","УЧЕБНЫЙ И НАУЧНЫЙ ОТДЕЛ  ИДПО",,,"1","71","290784","-1"
"4087763","Колледж радиоэлектроники им. П.Н. Яблочкова","Колледж им. П.Н. Яблочкова","cre","2","131","0","3"
"4087764","Геологический колледж","Геологический колледж","kgl","3","131","0","3"
"4087765","Факультет психологии","Фак-т психологии","fps","1","121","0","0"
"4087768","Факультет иностранных языков и лингводидактики","Ф-т ин.яз.","fi","1","121",NULL,"0"
"4087769","Институт искусств","И-т искусств","ii","1","121",NULL,"0"
"4087776","Факультет психолого-педагогического и специального образования","Факультет ППиСО","fppso","1","121",NULL,"0"
"4087770","Факультет коррекционной педагогики и специальной психологии","Ф-т кор. педагогики и спец. психологии","kp","1","121",NULL,"-2"
"4087773","Факультет педагогики, психологии и начального образования","ФППиНО","fpn","1","121",NULL,"-2"
"4087774","Факультет русской словесности","Ф-т рус. словесности","frs","1","121",NULL,"-2"
"4087775","Институт физической культуры и спорта","И-т физ. культуры","ifk","1","121",NULL,"0"
"4087778","Институт дополнительного профессионального образования","ИДПО","idpo","1","41",NULL,"0"
"4087779","Факультет фундаментальной медицины и медицинских технологий","ФФМиМТ","fmimt","1","121","0","0"